ts_ms,heap_mb,total_mb,num_gc,pause_ms
1766169071485,939.57,982.33,9,1.70
1766169071539,936.66,1029.17,10,2.22
1766169071598,927.45,1091.42,11,2.22
1766169071629,942.50,1106.83,11,2.22
1766169071684,942.49,1154.11,12,2.22
1766169071739,942.48,1201.55,13,2.22
1766169071796,942.44,1248.83,14,2.22
1766169071852,942.91,1296.14,15,3.73
1766169071904,942.48,1343.22,16,3.73
1766169071931,929.10,1377.53,17,3.73
1766169071985,927.85,1423.31,18,3.73
1766169072036,941.04,1449.15,19,3.73
1766169072091,938.58,1497.17,20,3.73
1766169072143,938.81,1543.54,21,3.73
1766169072180,943.24,1579.74,21,3.73
1766169072233,942.88,1626.47,22,3.73
1766169072289,942.66,1672.27,23,3.73
1766169072343,942.61,1720.07,24,3.73
1766169072402,942.47,1767.10,25,5.24
1766169072429,929.00,1800.03,26,5.24
1766169072480,940.70,1825.87,27,5.24
1766169072532,940.88,1874.94,28,5.24
1766169072591,940.57,1920.00,29,5.79
1766169072646,938.61,1966.93,30,5.79
1766169072696,940.66,2012.55,31,5.79
1766169072729,942.42,2046.20,31,5.79
1766169072783,942.50,2090.87,32,5.79
1766169072837,942.56,2138.24,33,5.79
1766169072889,942.61,2183.52,34,5.79
1766169072939,940.62,2227.62,35,5.79
1766169072988,939.14,2272.10,36,5.79
1766169073049,942.63,2322.53,37,5.79
1766169073102,942.33,2369.44,38,5.79
1766169073130,928.43,2400.67,39,5.79
1766169073181,941.70,2433.35,40,6.48
1766169073238,942.50,2478.12,41,6.99
1766169073291,927.90,2536.54,42,6.99
1766169073334,942.71,2565.23,43,6.99
1766169073388,944.62,2613.58,44,8.00
1766169073449,940.07,2660.74,45,8.00
1766169073481,942.22,2689.93,45,8.00
1766169073531,942.80,2734.21,46,8.00
1766169073585,940.12,2778.66,47,8.00
1766169073640,942.31,2825.42,48,8.51
1766169073693,939.33,2868.62,49,9.02
1766169073731,934.45,2910.93,50,9.02
1766169073784,934.85,2955.54,51,9.02
1766169073844,938.95,3005.74,52,9.02
1766169073880,928.52,3039.99,53,9.02
1766169073933,929.82,3086.68,54,9.02
1766169073981,941.40,3118.88,55,9.02
1766169074035,941.85,3166.51,56,9.02
1766169074089,940.09,3210.15,57,9.02
1766169074141,942.73,3257.64,58,9.02
1766169074193,945.54,3302.65,59,9.02
1766169074245,941.77,3345.86,60,9.02
1766169074288,939.59,3380.62,61,9.02
1766169074331,942.59,3417.90,61,9.02
1766169074385,943.52,3462.76,62,9.02
1766169074434,940.72,3507.03,63,9.02
1766169074491,943.28,3553.95,64,9.02
1766169074545,944.22,3590.61,65,9.02
1766169074591,940.15,3620.61,66,9.55
1766169074654,943.03,3659.78,67,9.90
1766169074722,941.76,3705.61,69,10.40
1766169074733,933.59,3717.87,69,10.40
1766169074781,947.34,3747.72,70,10.91
1766169074834,941.71,3772.74,71,10.91
1766169074887,942.90,3808.22,72,11.42
1766169074940,942.95,3838.13,73,11.42
1766169074990,938.62,3863.49,74,11.42
1766169075030,947.86,3889.12,75,11.42
1766169075083,943.10,3912.17,75,11.42
1766169075136,942.55,3941.97,76,11.42
1766169075184,941.05,3969.64,77,13.88
1766169075244,943.10,3999.28,78,13.88
1766169075302,942.97,4028.07,79,13.88
1766169075353,942.95,4054.20,80,15.39
1766169075408,942.95,4080.27,81,15.39
1766169075435,934.30,4098.61,82,15.39
1766169075484,942.89,4122.38,83,15.39
1766169075529,949.79,4146.63,84,15.39
1766169075589,944.48,4172.20,85,15.39
1766169075635,940.20,4191.77,86,15.39
1766169075700,947.70,4226.56,87,16.39
1766169075734,943.25,4233.10,87,16.39
1766169075787,946.59,4264.52,88,16.39
1766169075841,940.02,4281.44,89,16.39
1766169075882,940.52,4305.75,90,16.90
1766169075949,942.19,4329.50,91,16.90
1766169075989,940.56,4352.17,92,16.90
1766169076032,937.90,4372.19,93,16.90
1766169076083,948.73,4393.83,94,16.90
1766169076138,943.05,4414.64,95,18.41
1766169076191,943.28,4438.14,96,20.04
1766169076236,942.79,4454.73,97,20.04
1766169076300,935.87,4480.84,98,20.04
1766169076348,942.69,4498.06,99,20.04
1766169076381,942.81,4508.27,99,20.04
1766169076431,942.54,4527.42,100,20.04
1766169076493,943.32,4549.04,101,20.04
1766169076534,941.13,4566.99,102,20.04
1766169076600,942.24,4587.90,103,20.04
1766169076630,939.80,4603.45,104,20.04
1766169076703,1010.30,4693.09,105,20.04
1766169076741,1105.78,4788.58,105,20.04
1766169076794,1051.48,4823.89,106,20.04
1766169076865,1020.91,4892.54,107,20.04
1766169076890,1089.75,4961.38,107,20.04
1766169076948,1030.34,4993.07,108,20.04
1766169076985,1128.90,5091.63,108,20.04
1766169077041,1071.59,5132.30,109,20.54
1766169077113,1033.97,5196.07,110,20.54
1766169077151,1104.35,5266.45,110,20.54
1766169077198,1033.97,5297.65,111,20.54
1766169077238,1132.16,5395.84,111,20.54
1766169077284,1049.87,5409.48,112,20.54
1766169077369,1049.59,5506.09,113,20.54
1766169077381,1085.02,5541.52,113,20.54
1766169077457,1046.25,5609.23,114,20.54
1766169077481,1107.93,5670.90,114,20.54
1766169077549,1045.95,5712.05,115,22.05
1766169077590,1135.19,5801.29,115,22.05
1766169077641,1061.90,5825.62,116,22.05
1766169077724,1058.85,5918.33,117,22.05
1766169077748,1126.47,5985.95,117,22.05
1766169077814,1059.54,6022.38,118,22.05
1766169077838,1126.29,6089.13,118,22.05
1766169077905,1059.69,6126.58,119,22.05
1766169077930,1131.87,6198.76,119,22.05
1766169077995,1060.64,6230.73,120,22.05
1766169078034,1164.85,6334.94,120,22.05
1766169078080,1068.91,6335.45,121,22.05
1766169078170,1069.22,6439.99,122,22.05
1766169078183,1109.32,6480.09,122,22.05
1766169078261,1069.70,6545.08,123,22.05
1766169078283,1134.42,6609.80,123,22.05
1766169078362,1069.73,6650.19,124,22.05
1766169078399,1174.67,6755.13,124,22.05
1766169078450,1069.70,6755.26,125,22.05
1766169078485,1163.31,6848.88,125,22.05
1766169078540,1070.95,6861.22,126,22.05
1766169078580,1175.02,6965.28,126,22.05
1766169078630,1071.08,6966.39,127,22.05
1766169078723,1074.39,7070.60,128,22.05
1766169078738,1118.25,7114.46,128,22.05
1766169078801,1075.07,7176.46,129,22.05
1766169078858,1122.86,7224.25,129,22.05
1766169078911,1074.74,7281.61,130,22.05
1766169078934,1142.06,7348.94,130,22.05
1766169079005,1074.73,7387.13,131,22.05
1766169079032,1151.06,7463.46,131,22.05
1766169079096,1074.72,7492.62,132,22.56
1766169079134,1178.22,7596.13,132,22.56
1766169079223,1190.75,7705.83,133,23.08
1766169079275,1090.11,7706.12,134,23.08
1766169079292,1138.00,7754.01,134,23.08
1766169079369,1090.25,7812.85,135,23.08
1766169079384,1138.45,7861.05,135,23.08
1766169079461,1090.34,7919.93,136,23.59
1766169079489,1166.41,7996.00,136,23.59
1766169079553,1090.31,8026.97,137,23.59
1766169079580,1163.10,8099.77,137,23.59
1766169079647,1100.64,8134.20,138,23.59
1766169079684,1204.14,8237.70,138,23.59
1766169079778,1213.81,8351.65,139,23.59
1766169079828,1110.99,8352.70,140,23.59
1766169079839,1144.47,8386.18,140,23.59
1766169079924,1110.06,8460.72,141,23.59
1766169079934,1146.92,8497.58,141,23.59
1766169080018,1110.04,8569.68,142,23.59
1766169080031,1149.57,8609.20,142,23.59
1766169080110,1110.07,8678.65,143,23.59
1766169080151,1219.02,8787.61,143,23.59
1766169080202,1118.57,8787.69,144,23.59
1766169080241,1220.62,8889.74,144,23.59
1766169080299,1119.50,8897.54,145,23.59
1766169080354,1214.88,8992.92,145,23.59
1766169080409,1123.93,9007.47,146,23.59
1766169080434,1198.73,9082.28,146,23.59
1766169080504,1124.34,9117.81,147,23.59
1766169080545,1234.63,9228.10,147,23.59
1766169080599,1125.50,9228.24,148,23.59
1766169080640,1232.86,9335.60,148,23.59
1766169080697,1128.91,9339.47,149,23.59
1766169080735,1239.59,9450.14,149,23.59
1766169080789,1131.96,9453.41,150,24.11
1766169080830,1239.56,9561.01,150,24.11
1766169080905,1134.16,9563.25,151,24.11
1766169080977,1141.80,9673.92,152,24.11
1766169080990,1179.49,9711.60,152,24.11
1766169081058,1142.68,9786.06,153,24.11
1766169081091,1166.34,9809.73,153,24.11
1766169081215,1261.23,10010.72,154,24.11
1766169081312,1261.83,10123.44,155,24.11
1766169081364,1151.96,10126.31,156,24.11
1766169081384,1205.15,10179.49,156,24.11
1766169081463,1149.28,10236.26,157,24.11
1766169081493,1229.13,10316.12,157,24.11
1766169081563,1155.36,10350.98,158,24.11
1766169081588,1228.38,10424.00,158,24.11
1766169081703,1267.07,10577.40,159,24.11
1766169081759,1154.29,10577.98,160,24.11
1766169081789,1243.84,10667.53,160,24.11
1766169081857,1153.87,10690.71,161,24.11
1766169081881,1226.97,10763.81,161,24.11
1766169081954,1153.76,10803.82,162,24.11
1766169081995,1256.75,10906.81,162,24.11
1766169082053,1153.90,10917.06,163,24.11
1766169082080,1228.73,10991.89,163,24.11
1766169082151,1153.90,11030.20,164,24.11
1766169082181,1238.76,11115.06,164,24.11
1766169082258,1188.58,11175.65,165,24.11
1766169082281,1244.90,11231.97,165,24.11
1766169082350,1159.35,11260.58,166,24.11
1766169082389,1269.92,11371.15,166,24.11
1766169082447,1156.57,11371.25,167,24.11
1766169082489,1269.86,11484.54,167,24.11
1766169082545,1157.37,11485.47,168,24.11
1766169082579,1248.92,11577.02,168,24.11
1766169082691,1269.80,11711.28,169,24.11
1766169082790,1269.77,11824.67,170,24.11
1766169082882,1157.85,11826.10,171,24.11
1766169082897,1220.51,11888.76,171,24.11
1766169082962,1156.51,11938.16,172,24.11
1766169082979,1208.47,11990.12,172,24.11
1766169083065,1156.49,12051.51,173,24.11
1766169083108,1224.16,12119.18,173,24.11
1766169083165,1156.70,12164.81,174,24.11
1766169083183,1208.90,12217.00,174,24.11
1766169083268,1156.79,12278.20,175,24.11
1766169083291,1223.83,12345.24,175,24.11
1766169083367,1166.48,12391.64,176,24.62
1766169083391,1233.12,12458.28,176,24.62
1766169083472,1178.04,12506.28,177,24.62
1766169083487,1224.36,12552.59,177,24.62
1766169083574,1186.01,12622.31,178,24.62
1766169083587,1228.46,12664.76,178,24.62
1766169083676,1186.29,12738.62,179,24.62
1766169083690,1231.97,12784.30,179,24.62
1766169083778,1186.23,12854.86,180,26.88
1766169083790,1225.82,12894.45,180,26.88
1766169083880,1186.34,12971.21,181,26.88
1766169083895,1186.35,12971.21,181,26.88
1766169083933,1302.49,13087.36,181,26.88
1766169083989,1187.61,13087.81,182,26.88
1766169084030,1303.16,13203.36,182,26.88
1766169084089,1187.77,13204.23,183,26.88
1766169084130,1303.76,13320.22,183,26.88
1766169084185,1188.07,13320.95,184,26.88
1766169084229,1303.79,13436.67,184,26.88
1766169084285,1195.68,13437.57,185,26.88
1766169084391,1195.48,13553.82,186,26.88
1766169084392,1195.83,13554.17,186,26.88
1766169084434,1312.52,13670.86,186,26.88
1766169084519,1195.68,13671.13,187,26.88
1766169084543,1312.39,13787.84,187,26.88
1766169084606,1195.54,13788.12,188,26.88
1766169084649,1312.81,13905.39,188,26.88
1766169084718,1199.99,13905.42,189,26.88
1766169084761,1317.54,14022.96,189,26.88
1766169084868,1318.79,14140.73,190,26.88
1766169084969,1233.10,14172.67,191,26.88
1766169084982,1318.91,14258.48,191,26.88
1766169085053,1211.37,14260.29,192,27.41
1766169085092,1329.67,14378.59,192,27.41
1766169085160,1210.61,14378.80,193,27.41
1766169085181,1270.74,14438.93,193,27.41
1766169085274,1210.49,14497.41,194,27.41
1766169085299,1262.95,14549.87,194,27.41
1766169085391,1210.49,14616.03,195,28.95
1766169085391,1210.49,14616.04,195,28.95
1766169085433,1328.81,14734.35,195,28.95
1766169085523,1210.57,14734.73,196,28.95
1766169085541,1314.35,14838.52,196,28.95
1766169085613,1217.36,14856.53,197,29.48
1766169085658,1336.38,14975.55,197,29.48
1766169085726,1214.66,14975.72,198,29.48
1766169085763,1261.22,15022.28,198,29.48
1766169085820,1214.46,15094.71,199,29.48
1766169085883,1314.62,15194.87,199,29.48
1766169085883,1334.65,15214.89,199,29.48
1766169085944,1247.07,15235.75,200,29.48
1766169085984,1348.53,15337.21,200,29.48
1766169086053,1227.39,15337.84,201,29.48
1766169086083,1323.98,15434.43,201,29.48
1766169086154,1228.06,15457.72,202,29.48
1766169086196,1348.27,15577.92,202,29.48
1766169086257,1228.12,15578.09,203,29.48
1766169086282,1307.67,15657.65,203,29.48
1766169086359,1228.04,15698.39,204,29.48
1766169086379,1290.39,15760.74,204,29.48
1766169086464,1228.08,15818.73,205,29.48
1766169086500,1301.76,15892.41,205,29.48
1766169086569,1228.01,15938.99,206,30.99
1766169086591,1297.65,16008.64,206,30.99
1766169086672,1233.81,16059.39,207,31.99
1766169086684,1274.53,16100.11,207,31.99
1766169086776,1234.27,16180.24,208,31.99
1766169086787,1272.78,16218.75,208,31.99
1766169086878,1245.08,16301.35,209,31.99
1766169086889,1287.18,16343.45,209,31.99
1766169086982,1247.98,16423.39,210,31.99
1766169086982,1247.99,16423.39,210,31.99
1766169087089,1249.88,16545.90,211,31.99
1766169087089,1250.12,16546.14,211,31.99
1766169087129,1372.28,16668.30,211,31.99
1766169087188,1250.68,16669.10,212,43.20
1766169087231,1373.25,16791.67,212,43.20
1766169087315,1259.90,16793.97,213,43.20
1766169087335,1382.80,16916.87,213,43.20
1766169087422,1340.57,16989.43,214,43.20
1766169087441,1393.86,17042.72,214,43.20
1766169087505,1277.71,17044.17,215,43.20
1766169087549,1403.93,17170.40,215,43.20
1766169087622,1287.11,17170.43,216,43.20
1766169087636,1324.77,17208.10,216,43.20
1766169087729,1298.46,17298.97,217,43.20
1766169087729,1298.46,17298.97,217,43.20
1766169087826,1297.40,17426.35,218,43.20
1766169087872,1422.01,17550.96,218,43.20
1766169087934,1297.21,17553.54,219,53.53
1766169087934,1297.21,17553.55,219,53.53
1766169088019,1297.36,17680.64,220,53.53
1766169088051,1300.09,17683.37,220,53.53
1766169088084,1424.46,17807.75,220,53.53
1766169088187,1424.68,17935.07,221,53.53
1766169088502,1431.19,18318.63,224,53.53
1766169088713,1447.03,18576.60,226,55.04
1766169088796,1318.97,18577.50,227,55.04
1766169088796,1383.87,18642.39,227,55.04
1766169088885,1321.12,18706.27,228,56.56
1766169088885,1321.12,18706.28,228,56.56
1766169088929,1450.68,18835.83,228,56.56
1766169088990,1327.73,18836.48,229,56.56
1766169089035,1456.86,18965.61,229,56.56
1766169089100,1329.20,18965.97,230,56.56
1766169089136,1438.65,19075.42,230,56.56
1766169089209,1335.98,19096.32,231,57.08
1766169089254,1466.97,19227.31,231,57.08
1766169089316,1350.95,19227.43,232,57.08
1766169089342,1397.71,19274.20,232,57.08
1766169089429,1362.04,19361.83,233,57.08
1766169089429,1362.16,19361.95,233,57.08
1766169089540,1370.43,19495.64,234,57.08
1766169089541,1370.47,19495.67,234,57.08
1766169089588,1505.51,19630.71,234,57.08
1766169089652,1381.81,19631.94,235,57.08
1766169089693,1498.90,19749.03,235,57.08
1766169089766,1384.27,19767.71,236,58.59
1766169089781,1437.06,19820.50,236,58.59
1766169089878,1384.39,19903.44,237,58.59
1766169089880,1395.15,19914.20,237,58.59
1766169089988,1398.83,20039.98,238,58.59
1766169089988,1398.84,20039.99,238,58.59
1766169090038,1526.69,20167.84,238,58.59
1766169090105,1401.22,20177.49,239,58.59
1766169090141,1482.70,20258.97,239,58.59
1766169090219,1401.25,20314.85,240,58.59
1766169090231,1444.64,20358.24,240,58.59
1766169090334,1401.28,20452.23,241,59.10
1766169090334,1401.63,20452.58,241,59.10
1766169090383,1538.57,20589.52,241,59.10
1766169090451,1401.42,20589.65,242,60.61
1766169090486,1503.60,20691.83,242,60.61
1766169090569,1401.98,20727.06,243,60.61
1766169090590,1470.94,20796.02,243,60.61
1766169090681,1413.77,20865.10,244,60.61
1766169090681,1413.77,20865.10,244,60.61
1766169090729,1552.42,21003.75,244,60.61
1766169090792,1425.03,21004.49,245,60.61
1766169090836,1553.40,21132.86,245,60.61
1766169090909,1437.88,21143.84,246,60.61
1766169090934,1515.58,21221.54,246,60.61
1766169091028,1450.68,21284.97,247,60.61
1766169091042,1500.53,21334.82,247,60.61
1766169091143,1451.92,21427.34,248,60.61
1766169091143,1451.95,21427.37,248,60.61
1766169091184,1573.87,21549.28,248,60.61
1766169091259,1452.06,21569.75,249,60.61
1766169091285,1531.37,21649.05,249,60.61
1766169091378,1452.41,21712.16,250,60.61
1766169091379,1459.90,21719.65,250,60.61
1766169091495,1452.52,21854.68,251,60.61
1766169091495,1452.52,21854.68,251,60.61
1766169091549,1591.77,21993.93,251,60.61
1766169091618,1454.49,21997.17,252,60.61
1766169091636,1511.92,22054.61,252,60.61
1766169091739,1455.04,22139.78,253,60.61
1766169091739,1455.05,22139.78,253,60.61
1766169091789,1597.75,22282.48,253,60.61
1766169091857,1455.17,22282.51,254,60.61
1766169091908,1597.96,22425.29,254,60.61
1766169091978,1458.28,22425.33,255,61.12
1766169092002,1539.56,22506.62,255,61.12
1766169092029,1602.82,22569.87,255,61.12
1766169092094,1467.79,22570.28,256,61.12
1766169092138,1596.49,22698.98,256,61.12
1766169092215,1468.07,22713.95,257,62.64
1766169092239,1549.07,22794.95,257,62.64
1766169092335,1467.90,22857.84,258,62.64
1766169092335,1468.26,22858.20,258,62.64
1766169092387,1611.88,23001.81,258,62.64
1766169092456,1477.40,23001.96,259,62.64
1766169092494,1595.64,23120.20,259,62.64
1766169092576,1484.26,23146.90,260,62.64
1766169092590,1525.58,23188.22,260,62.64
1766169092630,1629.73,23292.37,260,62.64
1766169092699,1484.82,23292.39,261,62.64
1766169092731,1581.71,23389.28,261,62.64
1766169092821,1484.96,23438.03,262,62.64
1766169092845,1527.84,23480.91,262,62.64
1766169092940,1498.44,23583.64,263,62.64
1766169092940,1498.44,23583.64,263,62.64
1766169092992,1645.36,23730.56,263,62.64
1766169093063,1499.91,23730.71,264,62.64
1766169093092,1557.64,23788.44,264,62.64
1766169093183,1501.79,23877.85,265,62.64
1766169093183,1501.79,23877.86,265,62.64
1766169093236,1648.88,24024.95,265,62.64
1766169093307,1502.19,24025.22,266,62.64
1766169093332,1582.11,24105.15,266,62.64
1766169093429,1502.20,24172.61,267,62.64
1766169093429,1502.20,24172.61,267,62.64
1766169093481,1650.23,24320.64,267,62.64
1766169093552,1511.20,24322.19,268,62.64
1766169093583,1610.88,24421.87,268,62.64
1766169093676,1520.22,24470.70,269,62.64
1766169093690,1570.23,24520.70,269,62.64
1766169093729,1670.02,24620.50,269,62.64
1766169093799,1527.11,24622.67,270,64.15
1766169093852,1638.73,24734.29,270,64.15
1766169093924,1537.83,24772.49,271,64.15
1766169093977,1688.65,24923.31,271,64.15
1766169094049,1541.63,24924.63,272,64.15
1766169094049,1541.76,24924.77,272,64.15
1766169094108,1663.56,25046.56,272,64.15
1766169094179,1541.16,25075.85,273,64.15
1766169094181,1541.40,25076.09,273,64.15
1766169094233,1692.37,25227.06,273,64.15
1766169094305,1544.37,25227.16,274,64.15
1766169094350,1670.27,25353.07,274,64.15
1766169094430,1547.27,25378.65,275,64.15
1766169094431,1547.47,25378.84,275,64.15
1766169094484,1699.03,25530.41,275,64.15
1766169094557,1547.64,25530.50,276,64.15
1766169094592,1627.04,25609.90,276,64.15
1766169094685,1549.56,25682.51,277,64.15
1766169094685,1549.59,25682.55,277,64.15
1766169094737,1699.38,25832.34,277,64.15
1766169094811,1549.65,25834.62,278,64.15
1766169094838,1641.91,25926.89,278,64.15
1766169094938,1553.93,25988.39,279,64.67
1766169094939,1553.95,25988.40,279,64.67
1766169094991,1706.36,26140.81,279,64.67
1766169095065,1555.20,26140.97,280,64.67
1766169095090,1638.07,26223.84,280,64.67
1766169095194,1557.54,26293.63,281,64.67
1766169095194,1557.59,26293.68,281,64.67
1766169095236,1679.74,26415.83,281,64.67
1766169095321,1557.73,26446.48,282,64.67
1766169095333,1604.92,26493.66,282,64.67
1766169095448,1557.81,26599.16,283,64.67
1766169095449,1557.93,26599.27,283,64.67
1766169095501,1710.36,26751.70,283,64.67
1766169095575,1558.20,26751.95,284,64.67
1766169095593,1623.26,26817.00,284,64.67
1766169095700,1558.11,26904.65,285,64.67
1766169095739,1679.60,27026.14,285,64.67
1766169095826,1558.17,27057.40,286,64.67
1766169095840,1609.19,27108.42,286,64.67
1766169095879,1710.76,27210.00,286,64.67
1766169095955,1558.12,27210.10,287,64.67
1766169095990,1670.01,27321.99,287,64.67
1766169096080,1566.46,27363.10,288,64.67
1766169096080,1566.49,27363.13,288,64.67
1766169096208,1567.45,27516.61,289,64.67
1766169096209,1567.45,27516.61,289,64.67
1766169096233,1651.27,27600.43,289,64.67
1766169096334,1567.59,27670.26,290,64.67
1766169096334,1567.62,27670.29,290,64.67
1766169096385,1721.15,27823.82,290,64.67
1766169096461,1567.83,27823.98,291,64.67
1766169096515,1720.74,27976.89,291,64.67
1766169096589,1567.81,27977.66,292,64.67
1766169096589,1567.97,27977.82,292,64.67
1766169096635,1705.10,28114.95,292,64.67
1766169096718,1567.83,28131.20,293,64.67
1766169096730,1612.13,28175.51,293,64.67
1766169096841,1579.56,28285.77,294,64.67
1766169096841,1579.56,28285.77,294,64.67
1766169096894,1734.36,28440.58,294,64.67
1766169096973,1590.11,28440.76,295,64.67
1766169096989,1640.56,28491.21,295,64.67
1766169097102,1593.39,28596.83,296,64.67
1766169097103,1593.62,28597.07,296,64.67
1766169097141,1709.18,28712.63,296,64.67
1766169097234,1593.52,28752.90,297,64.67
1766169097237,1593.53,28752.90,297,64.67
1766169097289,1749.63,28909.01,297,64.67
1766169097364,1593.64,28909.08,298,64.67
1766169097387,1667.19,28982.63,298,64.67
1766169097496,1603.83,29065.58,299,64.67
1766169097497,1603.96,29065.72,299,64.67
1766169097530,1702.44,29164.20,299,64.67
1766169097627,1604.58,29222.84,300,64.67
1766169097642,1652.22,29270.48,300,64.67
1766169097686,1761.84,29380.10,300,64.67
1766169097762,1607.50,29380.16,301,64.67
1766169097783,1674.11,29446.77,301,64.67
1766169097889,1607.81,29537.78,302,64.67
1766169097933,1735.30,29665.27,302,64.67
1766169098022,1607.66,29695.25,303,64.67
1766169098045,1655.50,29743.08,303,64.67
1766169098080,1748.06,29835.64,303,64.67
1766169098159,1621.41,29853.80,304,64.67
1766169098180,1689.74,29922.12,304,64.67
1766169098292,1621.75,30011.81,305,64.67
1766169098292,1621.75,30011.82,305,64.67
1766169098349,1778.78,30168.85,305,64.67
1766169098424,1622.12,30170.99,306,64.67
1766169098479,1775.48,30324.34,306,64.67
1766169098480,1781.19,30330.06,306,64.67
1766169098555,1631.88,30330.09,307,64.67
1766169098609,1791.89,30490.10,307,64.67
1766169098684,1642.92,30490.54,308,64.67
1766169098684,1642.94,30490.56,308,64.67
1766169098741,1773.45,30621.06,308,64.67
1766169098816,1658.66,30652.80,309,64.67
1766169098851,1732.97,30727.11,309,64.67
1766169098948,1667.00,30815.52,310,64.67
1766169098948,1667.00,30815.52,310,64.67
1766169098996,1812.44,30960.96,310,64.67
1766169099137,1831.29,31142.53,311,65.19
1766169099208,1668.85,31143.05,312,65.19
1766169099268,1782.79,31256.99,312,65.19
1766169099346,1668.37,31306.16,313,65.19
1766169099346,1668.45,31306.24,313,65.19
1766169099383,1770.39,31408.18,313,65.19
1766169099479,1668.47,31469.85,314,65.19
1766169099479,1668.47,31469.85,314,65.19
1766169099536,1829.80,31631.19,314,65.19
1766169099612,1670.00,31633.41,315,65.19
1766169099659,1802.68,31766.09,315,65.19
1766169099745,1670.13,31797.10,316,65.19
1766169099746,1670.17,31797.13,316,65.19
1766169099807,1834.04,31961.01,316,65.19
1766169099881,1684.59,31961.67,317,65.19
1766169099881,1684.69,31961.77,317,65.19
1766169099933,1831.00,32108.08,317,65.19
1766169100015,1694.90,32127.06,318,65.19
1766169100076,1860.94,32293.11,318,65.19
1766169100155,1700.07,32295.72,319,65.19
1766169100179,1776.12,32371.77,319,65.19
1766169100297,1700.94,32462.53,320,65.19
1766169100297,1700.95,32462.54,320,65.19
1766169100358,1867.70,32629.29,320,65.19
1766169100433,1704.55,32629.43,321,65.19
1766169100433,1704.58,32629.46,321,65.19
1766169100488,1852.68,32777.56,321,65.19
1766169100552,1717.38,32796.71,322,65.19
1766169100597,1761.46,32840.79,322,65.19
1766169100634,1887.17,32966.50,322,65.19
1766169100713,1724.49,32969.19,323,65.70
1766169100731,1790.08,33034.78,323,65.70
1766169100848,1739.35,33144.29,324,65.70
1766169100857,1739.35,33144.29,324,65.70
1766169100882,1820.87,33225.81,324,65.70
1766169100993,1745.56,33315.25,325,65.70
1766169100993,1745.59,33315.28,325,65.70
1766169101055,1865.95,33435.65,325,65.70
1766169101131,1756.55,33486.65,326,67.21
1766169101131,1756.58,33486.68,326,67.21
1766169101189,1923.20,33653.30,326,67.21
1766169101273,1765.64,33659.92,327,67.21
1766169101287,1812.36,33706.65,327,67.21
1766169101337,1939.04,33833.32,327,67.21
1766169101410,1776.11,33833.45,328,67.21
1766169101473,1947.77,34005.11,328,67.21
1766169101554,1786.52,34008.78,329,67.21
1766169101616,1961.86,34184.12,329,67.21
1766169101694,1793.63,34184.16,330,67.21
1766169101694,1793.63,34184.16,330,67.21
1766169101758,1969.69,34360.22,330,67.21
1766169101848,1804.25,34360.25,331,67.21
1766169101850,1804.25,34360.25,331,67.21
1766169101919,1981.47,34537.46,331,67.21
1766169101999,1808.13,34537.61,332,67.21
1766169101999,1808.24,34537.72,332,67.21
1766169102064,1985.38,34714.87,332,67.21
1766169102204,1985.95,34892.56,333,67.21
1766169102302,1878.46,34960.57,334,67.21
1766169102345,1988.06,35070.16,334,67.21
1766169102428,1810.57,35070.21,335,67.21
1766169102430,1810.68,35070.32,335,67.21
1766169102493,1987.96,35247.60,335,67.21
1766169102574,1810.59,35247.83,336,68.72
1766169102586,1856.56,35293.81,336,68.72
1766169102641,1985.34,35422.58,336,68.72
1766169102724,1814.63,35427.13,337,68.72
1766169102752,1868.60,35481.11,337,68.72
1766169102787,1992.26,35604.76,337,68.72
1766169102869,1826.07,35605.29,338,68.72
1766169102889,1881.19,35660.42,338,68.72
1766169102935,2004.81,35784.04,338,68.72
1766169103019,1827.36,35784.46,339,68.72
1766169103034,1873.89,35830.99,339,68.72
1766169103084,2003.70,35960.80,339,68.72
1766169103164,1827.78,35963.84,340,68.72
1766169103220,1985.33,36121.40,340,68.72
1766169103312,1828.03,36143.29,341,68.72
1766169103312,1828.05,36143.32,341,68.72
1766169103378,2007.30,36322.56,341,68.72
1766169103457,1839.83,36322.77,342,68.72
1766169103522,2007.05,36490.00,342,68.72
1766169103603,1852.08,36503.40,343,68.72
1766169103632,1939.55,36590.87,343,68.72
1766169103760,1853.12,36685.06,344,68.72
1766169103785,1932.26,36764.21,344,68.72
1766169103829,2034.72,36866.66,344,68.72
1766169103927,1853.32,36866.82,345,68.72
1766169103953,1901.67,36915.18,345,68.72
1766169103988,2019.16,37032.67,345,68.72
1766169104084,1867.79,37048.81,346,68.72
1766169104084,1867.79,37048.82,346,68.72
1766169104155,2051.15,37232.18,346,68.72
1766169104239,1877.87,37232.20,347,68.72
1766169104248,1877.87,37232.21,347,68.72
1766169104313,2062.69,37417.02,347,68.72
1766169104395,1889.19,37417.47,348,68.72
1766169104396,1889.60,37417.88,348,68.72
1766169104461,2020.41,37548.69,348,68.72
1766169104548,1897.07,37603.07,349,68.72
1766169104561,1897.08,37603.07,349,68.72
1766169104583,1984.57,37690.56,349,68.72
1766169104705,1901.86,37790.93,350,68.72
1766169104731,1985.16,37874.23,350,68.72
1766169104859,1900.55,37977.48,351,70.24
1766169104885,1979.71,38056.64,351,70.24
1766169105009,1900.42,38163.89,352,70.24
1766169105076,2086.49,38349.96,352,70.24
1766169105162,1900.31,38350.19,353,71.75
1766169105230,2086.70,38536.59,353,71.75
1766169105289,1907.71,38536.62,354,71.75
1766169105339,1998.52,38627.43,354,71.75
1766169105379,2094.87,38723.78,354,71.75
1766169105465,1909.06,38723.86,355,71.75
1766169105484,1968.69,38783.49,355,71.75
1766169105532,2096.12,38910.92,355,71.75
1766169105618,1909.04,38911.07,356,71.75
1766169105641,1974.16,38976.19,356,71.75
1766169105679,2060.90,39062.93,356,71.75
1766169105792,1909.24,39098.24,357,72.26
1766169105792,1909.25,39098.24,357,72.26
1766169105843,2014.90,39203.90,357,72.26
1766169105961,1912.40,39285.50,358,72.26
1766169105983,1977.46,39350.56,358,72.26
1766169106034,2099.89,39472.99,358,72.26
1766169106128,1912.72,39473.08,359,72.26
1766169106149,1969.03,39529.39,359,72.26
1766169106205,2100.08,39660.44,359,72.26
1766169106302,1912.62,39660.56,360,72.26
1766169106302,1912.64,39660.57,360,72.26
1766169106378,2100.16,39848.10,360,72.26
1766169106379,2100.17,39848.10,360,72.26
1766169106474,1913.72,39848.13,361,72.26
1766169106549,2101.28,40035.69,361,72.26
1766169106644,1916.83,40036.08,362,73.77
1766169106645,1916.83,40036.08,362,73.77
1766169106722,2104.61,40223.86,362,73.77
1766169106814,1916.84,40224.04,363,73.77
1766169106884,2104.09,40411.28,363,73.77
1766169106971,1917.67,40411.93,364,73.77
1766169106982,1961.38,40455.64,364,73.77
1766169107040,2105.65,40599.91,364,73.77
1766169107135,1920.88,40601.52,365,73.77
1766169107135,1921.14,40601.78,365,73.77
1766169107190,2071.20,40751.84,365,73.77
1766169107305,1919.53,40789.76,366,73.77
1766169107305,1919.53,40789.77,366,73.77
1766169107386,2107.56,40977.79,366,73.77
1766169107486,1920.63,40977.94,367,73.77
1766169107486,1920.71,40978.01,367,73.77
1766169107561,2108.64,41165.95,367,73.77
1766169107659,1923.87,41167.55,368,73.77
1766169107661,1923.88,41167.55,368,73.77
1766169107691,2017.33,41261.00,368,73.77
1766169107739,2110.78,41354.45,368,73.77
1766169107841,1922.88,41356.16,369,73.77
1766169107841,1922.88,41356.16,369,73.77
1766169107890,2054.41,41487.69,369,73.77
1766169108015,1923.28,41544.64,370,73.77
1766169108035,1982.77,41604.13,370,73.77
1766169108086,2111.66,41733.02,370,73.77
1766169108182,1923.35,41733.19,371,73.77
1766169108182,1923.39,41733.22,371,73.77
1766169108251,2110.97,41920.81,371,73.77
1766169108342,1923.95,41921.72,372,73.77
1766169108342,1923.95,41921.72,372,73.77
1766169108412,2112.46,42110.22,372,73.77
1766169108503,1924.00,42110.30,373,73.77
1766169108503,1924.00,42110.30,373,73.77
1766169108577,2112.36,42298.65,373,73.77
1766169108668,1923.92,42298.80,374,73.77
1766169108681,1970.25,42345.12,374,73.77
1766169108730,2093.35,42468.22,374,73.77
1766169108830,1926.33,42487.62,375,73.77
1766169108831,1926.65,42487.94,375,73.77
1766169108904,2114.46,42675.76,375,73.77
1766169108996,1926.95,42676.57,376,73.77
1766169109000,1929.07,42678.68,376,73.77
1766169109068,2115.72,42865.34,376,73.77
1766169109159,1927.37,42865.47,377,73.77
1766169109189,2008.61,42946.70,377,73.77
1766169109232,2116.08,43054.17,377,73.77
1766169109322,1927.67,43054.27,378,75.28
1766169109339,1985.42,43112.02,378,75.28
1766169109390,2111.62,43238.22,378,75.28
1766169109483,1927.91,43243.31,379,75.28
1766169109488,1927.94,43243.34,379,75.28
1766169109556,2116.50,43431.90,379,75.28
1766169109648,1927.67,43432.10,380,76.79
1766169109660,1927.67,43432.10,380,76.79
1766169109684,2017.13,43521.56,380,76.79
1766169109816,1927.74,43620.95,381,76.79
1766169109839,2001.98,43695.19,381,76.79
1766169109885,2115.60,43808.82,381,76.79
1766169110002,1929.56,43809.79,382,76.79
1766169110009,2018.10,43898.34,382,76.79
1766169110032,2076.82,43957.06,382,76.79
1766169110143,1929.76,43998.85,383,76.79
1766169110143,1929.80,43998.89,383,76.79
1766169110213,2118.61,44187.70,383,76.79
1766169110304,1929.73,44187.87,384,76.79
1766169110304,1929.76,44187.90,384,76.79
1766169110335,2022.62,44280.75,384,76.79
1766169110464,1930.30,44376.94,385,76.79
1766169110534,2118.89,44565.53,385,76.79
1766169110632,1930.29,44566.01,386,76.79
1766169110634,1930.48,44566.19,386,76.79
1766169110699,2112.80,44748.51,386,76.79
1766169110791,1930.36,44755.12,387,76.79
1766169110791,1930.36,44755.12,387,76.79
1766169110859,2119.22,44943.98,387,76.79
1766169110952,1930.22,44944.10,388,76.79
1766169110952,1930.22,44944.10,388,76.79
1766169111023,2119.25,45133.13,388,76.79
1766169111113,1930.87,45133.16,389,76.79
1766169111129,1987.02,45189.31,389,76.79
1766169111189,2119.86,45322.16,389,76.79
1766169111291,1933.98,45323.60,390,77.32
1766169111305,1936.08,45325.69,390,77.32
1766169111378,2123.48,45513.09,390,77.32
1766169111478,1935.49,45513.21,391,77.32
1766169111479,1936.07,45513.78,391,77.32
1766169111535,2062.14,45639.85,391,77.32
1766169111667,1935.20,45702.53,392,77.32
1766169111667,1935.21,45702.53,392,77.32
1766169111700,2030.63,45797.96,392,77.32
1766169111744,2124.73,45892.06,392,77.32
1766169111913,2129.77,46081.74,393,77.32
1766169111914,2130.04,46082.01,393,77.32
1766169112004,1941.14,46082.21,394,77.32
1766169112005,1941.14,46082.22,394,77.32
1766169112076,2131.14,46272.21,394,77.32
1766169112167,1941.28,46272.33,395,77.32
1766169112195,2027.98,46359.03,395,77.32
1766169112239,2131.04,46462.09,395,77.32
1766169112329,1941.68,46462.38,396,77.32
1766169112329,1941.71,46462.41,396,77.32
1766169112384,2093.84,46614.54,396,77.32
1766169112499,1941.71,46652.46,397,77.32
1766169112499,1941.72,46652.46,397,77.32
1766169112575,2131.58,46842.33,397,77.32
1766169112665,1944.03,46842.56,398,77.32
1766169112694,2008.48,46907.00,398,77.32
1766169112729,2099.98,46998.51,398,77.32
1766169112834,1945.57,47033.02,399,77.32
1766169112834,1945.59,47033.04,399,77.32
1766169112906,2135.76,47223.21,399,77.32
1766169113070,2136.63,47413.96,400,77.32
1766169113162,1948.19,47415.37,401,77.84
1766169113183,2017.67,47484.85,401,77.84
1766169113237,2123.62,47590.80,401,77.84
1766169113339,1946.70,47604.49,402,77.84
1766169113341,1946.70,47604.50,402,77.84
1766169113387,2055.35,47713.15,402,77.84
1766169113534,1948.00,47795.17,403,77.84
1766169113534,1948.01,47795.17,403,77.84
1766169113613,2136.84,47984.00,403,77.84
1766169113715,1947.88,47985.67,404,77.84
1766169113735,2012.33,48050.12,404,77.84
1766169113793,2124.00,48161.79,404,77.84
1766169113898,1950.25,48176.49,405,77.84
1766169113898,1950.28,48176.53,405,77.84
1766169113975,2140.84,48367.09,405,77.84
1766169114079,1950.23,48367.28,406,77.84
1766169114079,1950.23,48367.28,406,77.84
1766169114153,2140.91,48557.96,406,77.84
1766169114243,1950.36,48558.19,407,77.84
1766169114243,1950.36,48558.20,407,77.84
1766169114319,2140.55,48748.38,407,77.84
1766169114422,1952.18,48749.00,408,77.84
1766169114434,1978.15,48774.98,408,77.84
1766169114485,2091.65,48888.47,408,77.84
1766169114631,1952.43,48940.02,409,77.84
1766169114632,1952.89,48940.48,409,77.84
1766169114710,2143.30,49130.89,409,77.84
1766169114829,1953.98,49131.00,410,77.84
1766169114829,1953.98,49131.00,410,77.84
1766169114899,2115.15,49292.17,410,77.84
1766169115038,1954.22,49322.22,411,77.84
1766169115039,1954.25,49322.25,411,77.84
1766169115119,2145.10,49513.10,411,77.84
1766169115235,1954.08,49513.31,412,77.84
1766169115235,1954.08,49513.31,412,77.84
1766169115314,2145.08,49704.31,412,77.84
1766169115492,1982.30,49732.49,413,77.84
1766169115493,1982.30,49732.50,413,77.84
1766169115569,2145.84,49896.03,413,77.84
1766169115696,1945.24,49896.09,414,93.29
1766169115696,1945.24,49896.10,414,93.29
1766169115750,2055.43,50006.29,414,93.29
1766169115879,1959.38,50085.37,415,93.29
1766169115879,1959.38,50085.37,415,93.29
1766169115937,2104.76,50230.75,415,93.29
1766169116069,1961.68,50276.94,416,93.29
1766169116069,1961.68,50276.94,416,93.29
1766169116090,2026.01,50341.28,416,93.29
1766169116151,2153.46,50468.73,416,93.29
1766169116257,1962.05,50468.89,417,93.29
1766169116257,1962.05,50468.89,417,93.29
1766169116335,2153.72,50660.56,417,93.29
1766169116431,1961.98,50660.77,418,93.29
1766169116434,1961.98,50660.77,418,93.29
1766169116505,2153.98,50852.77,418,93.29
1766169116601,1962.13,50852.80,419,93.29
1766169116601,1962.13,50852.80,419,93.29
1766169116672,2153.96,51044.63,419,93.29
1766169116765,1962.12,51044.81,420,93.29
1766169116799,2058.25,51140.95,420,93.29
1766169116839,2154.03,51236.72,420,93.29
1766169116932,1962.10,51236.81,421,93.29
1766169116932,1962.10,51236.81,421,93.29
1766169116982,2097.08,51371.79,421,93.29
1766169117095,1962.03,51428.73,422,93.29
1766169117095,1962.03,51428.74,422,93.29
1766169117140,2087.76,51554.46,422,93.29
1766169117265,1962.03,51620.66,423,93.29
1766169117291,2037.25,51695.88,423,93.29
1766169117333,2135.16,51793.79,423,93.29
1766169117436,1961.91,51812.46,424,93.29
1766169117438,1962.16,51812.71,424,93.29
1766169117482,2088.77,51939.33,424,93.29
1766169117605,1962.00,52004.36,425,93.29
1766169117605,1962.03,52004.39,425,93.29
1766169117631,2039.09,52081.45,425,93.29
1766169117680,2153.71,52196.07,425,93.29
1766169117772,1961.91,52196.17,426,93.29
1766169117797,2038.10,52272.36,426,93.29
1766169117834,2126.03,52360.29,426,93.29
1766169117941,1962.04,52388.10,427,93.29
1766169117941,1962.04,52388.10,427,93.29
1766169117998,2120.50,52546.56,427,93.29
1766169118110,1961.87,52579.86,428,93.29
1766169118110,1961.87,52579.87,428,93.29
1766169118186,2153.59,52771.58,428,93.29
1766169118288,1962.05,52771.82,429,93.29
1766169118289,1962.13,52771.89,429,93.29
1766169118370,2153.53,52963.30,429,93.29
1766169118464,1961.86,52963.57,430,93.29
1766169118503,2061.15,53062.86,430,93.29
1766169118538,2145.77,53147.48,430,93.29
1766169118637,1962.08,53155.54,431,94.81
1766169118637,1962.08,53155.55,431,94.81
1766169118684,2095.12,53288.58,431,94.81
1766169118800,1961.84,53347.28,432,94.81
1766169118800,1961.84,53347.28,432,94.81
1766169118871,2153.69,53539.13,432,94.81
1766169118970,1961.99,53539.16,433,94.81
1766169118994,2039.04,53616.21,433,94.81
1766169119032,2133.33,53710.50,433,94.81
1766169119132,1962.00,53731.06,434,94.81
1766169119132,1962.00,53731.06,434,94.81
1766169119179,2092.13,53861.18,434,94.81
1766169119304,1962.00,53922.96,435,94.81
1766169119304,1962.06,53923.02,435,94.81
1766169119350,2064.49,54025.45,435,94.81
1766169119389,2153.11,54114.07,435,94.81
1766169119481,1961.79,54114.63,436,94.81
1766169119482,1961.79,54114.64,436,94.81
1766169119557,2153.40,54306.25,436,94.81
1766169119659,1961.95,54306.48,437,94.81
1766169119659,1962.19,54306.72,437,94.81
1766169119731,2153.23,54497.76,437,94.81
1766169119829,1961.78,54498.14,438,94.81
1766169119829,1961.80,54498.17,438,94.81
1766169119903,2153.48,54689.85,438,94.81
1766169119995,1961.92,54689.96,439,94.81
1766169119998,1961.93,54689.96,439,94.81
1766169120072,2153.53,54881.56,439,94.81
1766169120167,1961.82,54881.67,440,94.81
1766169120242,2153.52,55073.37,440,94.81
1766169120339,1961.93,55073.49,441,94.81
1766169120339,1961.93,55073.49,441,94.81
1766169120412,2153.67,55265.23,441,94.81
1766169120505,1961.90,55265.27,442,94.81
1766169120505,1961.92,55265.30,442,94.81
1766169120533,2038.76,55342.14,442,94.81
1766169120579,2153.51,55456.88,442,94.81
1766169120686,1961.89,55457.05,443,94.81
1766169120686,1961.90,55457.06,443,94.81
1766169120755,2153.33,55648.49,443,94.81
1766169120845,1961.82,55648.76,444,96.33
1766169120847,1961.82,55648.77,444,96.33
1766169120918,2149.87,55836.82,444,96.33
1766169121013,1961.84,55840.48,445,97.84
1766169121050,2068.62,55947.27,445,97.84
1766169121087,2153.39,56032.04,445,97.84
1766169121180,1961.73,56032.10,446,97.84
1766169121180,1961.74,56032.11,446,97.84
1766169121251,2153.37,56223.75,446,97.84
1766169121349,1961.87,56223.86,447,97.84
1766169121349,1961.89,56223.88,447,97.84
1766169121382,2043.68,56305.67,447,97.84
1766169121431,2153.27,56415.26,447,97.84
1766169121491,1961.72,56415.47,448,97.84
1766169121560,2071.56,56525.31,448,97.84
1766169121592,2146.31,56600.06,448,97.84
1766169121697,1961.88,56607.25,449,99.35
1766169121697,1961.93,56607.30,449,99.35
1766169121756,2068.99,56714.35,449,99.35
1766169121855,1961.72,56798.86,450,99.35
1766169121858,1961.73,56798.86,450,99.35
1766169121894,2070.16,56907.29,450,99.35
1766169121990,1961.83,56990.57,451,99.35
1766169122046,2034.96,57063.70,451,99.35
1766169122089,2141.31,57170.05,451,99.35
1766169122189,1961.82,57182.28,452,99.35
1766169122189,1961.85,57182.31,452,99.35
1766169122271,2153.11,57373.57,452,99.35
1766169122369,1961.92,57374.10,453,99.35
1766169122379,1985.19,57397.37,453,99.35
1766169122444,2149.75,57561.93,453,99.35
1766169122541,1961.70,57565.68,454,99.35
1766169122541,1961.70,57565.68,454,99.35
1766169122602,2131.25,57735.23,454,99.35
1766169122713,1961.79,57757.36,455,99.35
1766169122715,1962.13,57757.69,455,99.35
1766169122753,2044.94,57840.50,455,99.35
1766169122786,2153.01,57948.57,455,99.35
1766169122879,1961.65,57948.89,456,99.35
1766169122880,1961.65,57948.89,456,99.35
1766169122953,2152.40,58139.64,456,99.35
1766169123052,1961.75,58140.53,457,99.35
1766169123052,1961.76,58140.53,457,99.35
1766169123125,2153.14,58331.92,457,99.35
1766169123215,1961.67,58332.08,458,99.35
1766169123286,2153.23,58523.64,458,99.35
1766169123386,1961.78,58523.75,459,99.35
1766169123387,1963.28,58525.24,459,99.35
1766169123430,2058.60,58620.56,459,99.35
1766169123566,1961.66,58715.29,460,99.35
1766169123595,2028.18,58781.81,460,99.35
1766169123649,2127.72,58881.35,460,99.35
1766169123761,1961.71,58906.88,461,99.35
1766169123762,1961.88,58907.05,461,99.35
1766169123791,2051.67,58996.84,461,99.35
1766169123835,2153.06,59098.22,461,99.35
1766169123939,1961.59,59098.35,462,99.35
1766169123939,1961.76,59098.52,462,99.35
1766169123986,2077.22,59213.98,462,99.35
1766169124122,1961.72,59289.96,463,99.35
1766169124141,2014.29,59342.53,463,99.35
1766169124179,2109.77,59438.01,463,99.35
1766169124299,1961.64,59481.48,464,100.86
1766169124302,1961.64,59481.49,464,100.86
1766169124383,2153.06,59672.90,464,100.86
1766169124478,1961.70,59673.06,465,100.86
1766169124508,2000.60,59711.96,465,100.86
1766169124532,2113.19,59824.55,465,100.86
1766169124636,1961.74,59864.69,466,100.86
1766169124636,1961.75,59864.69,466,100.86
1766169124707,2153.24,60056.19,466,100.86
1766169124799,1961.71,60056.28,467,100.86
1766169124800,1961.72,60056.29,467,100.86
1766169124840,2080.66,60175.23,467,100.86
1766169124959,1961.59,60247.75,468,100.86
1766169125030,2152.75,60438.92,468,100.86
1766169125128,1961.75,60439.38,469,100.86
1766169125157,2033.74,60511.37,469,100.86
1766169125208,2152.79,60630.42,469,100.86
1766169125299,1961.58,60630.84,470,100.86
1766169125299,1961.58,60630.84,470,100.86
1766169125369,2152.95,60822.21,470,100.86
1766169125464,1961.66,60822.38,471,100.86
1766169125508,2056.62,60917.34,471,100.86
1766169125536,2151.28,61012.00,471,100.86
1766169125629,1961.53,61013.79,472,100.86
1766169125631,1961.53,61013.79,472,100.86
1766169125683,2106.06,61158.32,472,100.86
1766169125798,1961.62,61205.29,473,100.86
1766169125798,1961.62,61205.30,473,100.86
1766169125870,2152.88,61396.56,473,100.86
1766169125963,1961.52,61396.70,474,100.86
1766169125994,2052.04,61487.22,474,100.86
1766169126036,2152.40,61587.59,474,100.86
1766169126130,1961.63,61588.22,475,100.86
1766169126130,1961.63,61588.22,475,100.86
1766169126203,2153.05,61779.64,475,100.86
1766169126292,1961.61,61779.72,476,100.86
1766169126292,1961.61,61779.72,476,100.86
1766169126366,2152.96,61971.07,476,100.86
1766169126464,1961.64,61971.25,477,100.86
1766169126464,1961.76,61971.36,477,100.86
1766169126492,2054.89,62064.50,477,100.86
1766169126535,2145.16,62154.77,477,100.86
1766169126627,1961.46,62162.60,478,101.38
1766169126658,2054.61,62255.75,478,101.38
1766169126682,2109.84,62310.97,478,101.38
1766169126796,1961.59,62354.08,479,101.89
1766169126806,1961.59,62354.08,479,101.89
1766169126879,2152.48,62544.97,479,101.89
1766169126974,1961.46,62545.43,480,101.89
1766169127049,2152.74,62736.71,480,101.89
1766169127144,1961.56,62736.88,481,101.89
1766169127144,1961.56,62736.88,481,101.89
1766169127195,2099.54,62874.87,481,101.89
1766169127311,1961.46,62928.23,482,101.89
1766169127341,2058.78,63025.56,482,101.89
1766169127380,2152.68,63119.45,482,101.89
1766169127474,1961.55,63119.67,483,101.89
1766169127541,2152.66,63310.78,483,101.89
1766169127630,1961.49,63311.05,484,101.89
1766169127632,1961.49,63311.05,484,101.89
1766169127688,2119.02,63468.59,484,101.89
1766169127793,1961.59,63502.54,485,101.89
1766169127793,1961.60,63502.54,485,101.89
1766169127868,2152.74,63693.68,485,101.89
1766169127961,1961.41,63693.85,486,102.40
1766169128028,2151.81,63884.25,486,102.40
1766169128030,2152.67,63885.11,486,102.40
1766169128129,1961.52,63885.27,487,102.40
1766169128129,1961.59,63885.33,487,102.40
1766169128193,2090.16,64013.91,487,102.40
1766169128296,1961.42,64076.58,488,102.40
1766169128298,1961.42,64076.58,488,102.40
1766169128340,2087.59,64202.75,488,102.40
1766169128459,1961.52,64267.99,489,102.40
1766169128503,2085.28,64391.75,489,102.40
1766169128531,2152.66,64459.13,489,102.40
1766169128621,1961.38,64459.27,490,102.40
1766169128637,2014.04,64511.92,490,102.40
1766169128700,2145.93,64643.81,490,102.40
1766169128791,1961.50,64650.66,491,102.40
1766169128791,1961.50,64650.66,491,102.40
1766169128862,2152.42,64841.58,491,102.40
1766169128951,1961.37,64841.93,492,102.40
1766169128951,1961.37,64841.93,492,102.40
1766169129024,2152.92,65033.48,492,102.40
1766169129113,1961.68,65033.50,493,102.40
1766169129182,2152.91,65224.73,493,102.40
1766169129271,1961.42,65224.82,494,102.40
1766169129343,2152.75,65416.14,494,102.40
1766169129431,1961.58,65416.29,495,102.40
1766169129431,1961.58,65416.29,495,102.40
1766169129501,2152.82,65607.54,495,102.40
1766169129593,1961.45,65607.64,496,102.40
1766169129593,1961.45,65607.64,496,102.40
1766169129655,2117.68,65763.87,496,102.40
1766169129759,1961.48,65799.01,497,102.40
1766169129832,2152.78,65990.32,497,102.40
1766169129919,1961.45,65990.36,498,102.40
1766169129989,2152.65,66181.56,498,102.40
1766169130085,1961.49,66181.74,499,102.40
1766169130085,1961.52,66181.77,499,102.40
1766169130156,2152.55,66372.80,499,102.40
1766169130244,1961.35,66372.98,500,102.40
1766169130244,1961.35,66372.98,500,102.40
1766169130293,2109.05,66520.69,500,102.40
1766169130410,1961.44,66564.32,501,102.40
1766169130410,1961.46,66564.34,501,102.40
1766169130485,2152.70,66755.58,501,102.40
1766169130573,1961.40,66755.61,502,102.40
1766169130649,2152.59,66946.81,502,102.40
1766169130745,1961.46,66946.96,503,102.40
1766169130746,1961.46,66946.96,503,102.40
1766169130815,2152.55,67138.05,503,102.40
1766169130909,1961.43,67138.28,504,102.40
1766169130909,1961.43,67138.28,504,102.40
1766169130979,2152.64,67329.50,504,102.40
1766169130979,2152.68,67329.53,504,102.40
1766169131074,1961.45,67329.62,505,102.40
1766169131092,2020.72,67388.89,505,102.40
1766169131129,2120.75,67488.92,505,102.40
1766169131233,1961.32,67520.83,506,102.40
1766169131233,1961.32,67520.84,506,102.40
1766169131304,2152.60,67712.11,506,102.40
1766169131396,1961.47,67712.20,507,102.40
1766169131397,1961.47,67712.20,507,102.40
1766169131431,2066.78,67817.51,507,102.40
1766169131555,1961.30,67903.39,508,102.40
1766169131557,1961.32,67903.41,508,102.40
1766169131625,2152.20,68094.29,508,102.40
1766169131716,1961.48,68094.78,509,102.40
1766169131759,2092.53,68225.82,509,102.40
1766169131781,2143.72,68277.02,509,102.40
1766169131872,1961.29,68285.97,510,102.40
1766169131943,2152.23,68476.90,510,102.40
1766169132038,1961.38,68477.24,511,102.40
1766169132039,1962.17,68478.04,511,102.40
1766169132093,2119.79,68635.66,511,102.40
1766169132195,1961.23,68668.37,512,102.40
1766169132195,1961.26,68668.40,512,102.40
1766169132264,2152.42,68859.56,512,102.40
1766169132357,1961.38,68859.64,513,102.40
1766169132358,1962.60,68860.86,513,102.40
1766169132393,2068.91,68967.17,513,102.40
1766169132429,2152.43,69050.70,513,102.40
1766169132518,1961.26,69050.80,514,102.40
1766169132588,2152.36,69241.90,514,102.40
1766169132682,1961.38,69242.07,515,102.40
1766169132684,1961.38,69242.08,515,102.40
1766169132747,2144.14,69424.84,515,102.40
1766169132838,1961.26,69433.23,516,102.40
1766169132838,1961.27,69433.23,516,102.40
1766169132909,2152.60,69624.57,516,102.40
1766169132999,1961.46,69624.59,517,102.40
1766169132999,1961.49,69624.62,517,102.40
1766169133033,2064.84,69727.97,517,102.40
1766169133157,1961.32,69815.81,518,102.40
1766169133184,2049.85,69904.34,518,102.40
1766169133314,1961.34,70007.05,519,102.40
1766169133329,2011.45,70057.15,519,102.40
1766169133393,2152.39,70198.10,519,102.40
1766169133479,1961.24,70198.19,520,102.40
1766169133479,1961.27,70198.22,520,102.40
1766169133557,2111.70,70348.65,520,102.40
1766169133652,1961.30,70389.38,521,102.40
1766169133652,1961.33,70389.41,521,102.40
1766169133705,2087.16,70515.24,521,102.40
1766169133733,2149.52,70577.61,521,102.40
1766169133824,1961.17,70580.45,522,102.40
1766169133900,2152.25,70771.53,522,102.40
1766169133991,1961.29,70771.64,523,103.28
1766169133993,1961.30,70771.65,523,103.28
1766169134036,2092.39,70902.74,523,103.28
1766169134149,1961.19,70962.73,524,103.80
1766169134149,1961.19,70962.73,524,103.80
1766169134219,2152.24,71153.78,524,103.80
1766169134308,1961.28,71153.90,525,103.80
1766169134344,2066.12,71258.75,525,103.80
1766169134380,2152.26,71344.88,525,103.80
1766169134468,1961.21,71345.01,526,105.31
1766169134488,2026.83,71410.63,526,105.31
1766169134534,2146.54,71530.34,526,105.31
1766169134627,1961.28,71536.20,527,105.31
1766169134662,2067.96,71642.87,527,105.31
1766169134685,2127.89,71702.80,527,105.31
1766169134784,1961.16,71727.26,528,105.31
1766169134784,1961.17,71727.26,528,105.31
1766169134855,2105.33,71871.42,528,105.31
1766169134951,1961.21,71918.36,529,105.31
1766169134952,1961.28,71918.43,529,105.31
1766169134998,2094.32,72051.48,529,105.31
1766169135109,1961.13,72109.39,530,105.31
1766169135178,2145.02,72293.28,530,105.31
1766169135179,2152.27,72300.53,530,105.31
1766169135268,1961.27,72300.56,531,105.31
1766169135285,2014.03,72353.32,531,105.31
1766169135329,2135.96,72475.25,531,105.31
1766169135431,1961.19,72491.64,532,105.31
1766169135431,1961.19,72491.64,532,105.31
1766169135488,2120.53,72650.98,532,105.31
1766169135589,1961.37,72682.91,533,105.31
1766169135589,1961.37,72682.91,533,105.31
1766169135659,2152.18,72873.72,533,105.31
1766169135746,1961.13,72873.93,534,105.31
1766169135747,1961.13,72873.93,534,105.31
1766169135815,2152.15,73064.95,534,105.31
1766169135904,1961.29,73065.12,535,105.31
1766169135904,1961.29,73065.12,535,105.31
1766169135971,2152.14,73255.97,535,105.31
1766169136059,1961.13,73256.14,536,105.82
1766169136091,2061.51,73356.53,536,105.82
1766169136129,2152.16,73447.18,536,105.82
1766169136218,1961.18,73447.22,537,105.82
1766169136249,2058.30,73544.33,537,105.82
1766169136286,2151.89,73637.92,537,105.82
1766169136370,1961.28,73638.39,538,105.82
1766169136409,2071.79,73748.90,538,105.82
1766169136442,2152.13,73829.24,538,105.82
1766169136531,1961.16,73829.44,539,105.82
1766169136532,1961.16,73829.45,539,105.82
1766169136580,2100.33,73968.62,539,105.82
1766169136693,1961.08,74020.41,540,105.82
1766169136693,1961.10,74020.44,540,105.82
1766169136748,2122.04,74181.37,540,105.82
1766169136849,1961.20,74211.51,541,105.82
1766169136849,1961.20,74211.52,541,105.82
1766169136893,2095.03,74345.34,541,105.82
1766169137006,1961.06,74402.46,542,105.82
1766169137043,2074.69,74516.10,542,105.82
1766169137161,1961.15,74593.51,543,105.82
1766169137179,2020.53,74652.89,543,105.82
1766169137230,2151.67,74784.03,543,105.82
1766169137322,1961.10,74784.51,544,105.82
1766169137349,2039.71,74863.12,544,105.82
1766169137392,2134.98,74958.39,544,105.82
1766169137480,1961.13,74975.54,545,105.82
1766169137480,1961.13,74975.54,545,105.82
1766169137551,2150.96,75165.37,545,105.82
1766169137638,1961.04,75166.48,546,105.82
1766169137638,1961.07,75166.51,546,105.82
1766169137693,2123.06,75328.50,546,105.82
1766169137799,1961.12,75357.50,547,105.82
1766169137799,1961.40,75357.77,547,105.82
1766169137833,2065.77,75462.15,547,105.82
1766169137962,1961.02,75548.42,548,105.82
1766169138021,2129.60,75716.99,548,105.82
1766169138031,2151.95,75739.34,548,105.82
1766169138120,1961.10,75739.42,549,105.82
1766169138140,2024.70,75803.02,549,105.82
1766169138188,2149.59,75927.91,549,105.82
1766169138279,1961.04,75930.36,550,107.33
1766169138279,1961.16,75930.48,550,107.33
1766169138336,2118.45,76087.77,550,107.33
1766169138438,1961.08,76121.34,551,107.33
1766169138438,1961.08,76121.34,551,107.33
1766169138499,2109.80,76270.06,551,107.33
1766169138591,1960.99,76312.23,552,107.33
1766169138591,1960.99,76312.23,552,107.33
1766169138644,2109.04,76460.28,552,107.33
1766169138749,1961.09,76503.22,553,107.33
1766169138749,1961.09,76503.22,553,107.33
1766169138785,2067.63,76609.76,553,107.33
1766169138905,1961.03,76694.14,554,107.33
1766169138974,2151.83,76884.94,554,107.33
1766169139068,1961.18,76885.22,555,109.02
1766169139137,2151.96,77076.00,555,109.02
1766169139223,1961.05,77076.16,556,109.02
1766169139235,1976.75,77091.87,556,109.02
1766169139288,2107.82,77222.94,556,109.02
1766169139391,1961.12,77267.18,557,109.02
1766169139392,1961.12,77267.18,557,109.02
1766169139441,2105.52,77411.58,557,109.02
1766169139547,1960.99,77458.06,558,109.02
1766169139548,1960.99,77458.07,558,109.02
1766169139619,2151.77,77648.85,558,109.02
1766169139712,1961.05,77649.01,559,109.02
1766169139730,2014.12,77702.09,559,109.02
1766169139783,2149.09,77837.05,559,109.02
1766169139872,1961.01,77839.92,560,109.02
1766169139912,2078.53,77957.44,560,109.02
1766169139941,2142.52,78021.43,560,109.02
1766169140032,1961.06,78030.88,561,109.02
1766169140032,1961.07,78030.89,561,109.02
1766169140105,2151.77,78221.59,561,109.02
1766169140198,1960.96,78221.75,562,109.02
1766169140200,1961.41,78222.20,562,109.02
1766169140238,2079.12,78339.91,562,109.02
1766169140362,1961.05,78412.70,563,109.02
1766169140403,2088.56,78540.21,563,109.02
1766169140432,2151.66,78603.30,563,109.02
1766169140518,1960.94,78603.53,564,109.02
1766169140586,2151.72,78794.31,564,109.02
1766169140673,1961.05,78794.48,565,109.02
1766169140742,2151.38,78984.81,565,109.02
1766169140831,1960.93,78985.30,566,109.70
1766169140831,1960.93,78985.30,566,109.70
1766169140883,2113.88,79138.25,566,109.70
1766169140989,1961.10,79176.30,567,109.70
1766169140989,1961.12,79176.32,567,109.70
1766169141058,2151.88,79367.07,567,109.70
1766169141141,1960.96,79367.15,568,110.22
1766169141141,1960.96,79367.15,568,110.22
1766169141211,2151.82,79558.01,568,110.22
1766169141366,2151.46,79748.50,569,110.22
1766169141366,2151.51,79748.56,569,110.22
1766169141455,1960.95,79748.98,570,110.22
1766169141456,1960.98,79749.01,570,110.22
1766169141524,2151.70,79939.73,570,110.22
1766169141611,1961.02,79939.90,571,111.73
1766169141651,2087.68,80066.56,571,111.73
1766169141679,2151.62,80130.50,571,111.73
1766169141769,1960.90,80130.69,572,111.73
1766169141785,2009.61,80179.40,572,111.73
1766169141839,2151.56,80321.35,572,111.73
1766169141926,1960.96,80321.54,573,111.73
1766169141941,2006.62,80367.21,573,111.73
1766169141988,2136.48,80497.07,573,111.73
1766169142083,1960.93,80512.38,574,111.73
1766169142083,1960.93,80512.38,574,111.73
1766169142155,2150.81,80702.25,574,111.73
1766169142242,1960.98,80703.25,575,111.73
1766169142242,1960.98,80703.26,575,111.73
1766169142298,2121.92,80864.19,575,111.73
1766169142394,1960.85,80894.00,576,111.73
1766169142394,1960.86,80894.00,576,111.73
1766169142463,2151.77,81084.92,576,111.73
1766169142549,1961.09,81084.99,577,111.73
1766169142549,1961.09,81084.99,577,111.73
1766169142599,2112.58,81236.48,577,111.73
1766169142701,1960.93,81275.81,578,111.73
1766169142701,1960.93,81275.82,578,111.73
1766169142768,2151.64,81466.52,578,111.73
1766169142853,1960.99,81466.70,579,111.73
1766169142855,1960.99,81466.70,579,111.73
1766169142888,2064.08,81569.79,579,111.73
1766169143009,1960.86,81657.45,580,111.73
1766169143040,2056.88,81753.47,580,111.73
1766169143163,1960.93,81848.29,581,113.24
1766169143197,2066.84,81954.19,581,113.24
1766169143230,2151.50,82038.85,581,113.24
1766169143312,1960.85,82039.04,582,113.24
1766169143352,2018.46,82096.64,582,113.24
1766169143380,2148.71,82226.89,582,113.24
1766169143473,1960.93,82229.86,583,113.24
1766169143494,2023.20,82292.13,583,113.24
1766169143532,2128.32,82397.25,583,113.24
1766169143625,1960.83,82420.59,584,113.24
1766169143666,2023.59,82483.35,584,113.24
1766169143689,2141.25,82601.00,584,113.24
1766169143783,1960.96,82611.44,585,113.24
1766169143783,1960.98,82611.46,585,113.24
1766169143839,2114.40,82764.88,585,113.24
1766169143939,1960.83,82802.16,586,113.24
1766169143940,1960.83,82802.16,586,113.24
1766169143979,2085.16,82926.49,586,113.24
1766169144092,1960.94,82993.00,587,113.24
1766169144092,1960.94,82993.00,587,113.24
1766169144161,2151.49,83183.55,587,113.24
1766169144249,1960.82,83183.71,588,113.24
1766169144249,1960.84,83183.73,588,113.24
1766169144292,2093.44,83316.33,588,113.24
1766169144408,1960.94,83374.54,589,113.24
1766169144444,2057.23,83470.83,589,113.24
1766169144482,2151.43,83565.03,589,113.24
1766169144579,1960.80,83565.24,590,113.24
1766169144579,1960.81,83565.24,590,113.24
1766169144648,2151.42,83755.85,590,113.24
1766169144739,1960.93,83756.06,591,114.75
1766169144740,1960.96,83756.09,591,114.75
1766169144784,2089.99,83885.13,591,114.75
1766169144903,1960.78,83946.73,592,114.75
1766169144903,1960.78,83946.74,592,114.75
1766169144976,2151.46,84137.42,592,114.75
1766169145079,1960.92,84137.55,593,114.75
1766169145080,1962.32,84138.95,593,114.75
1766169145145,2138.11,84314.74,593,114.75
1766169145239,1960.79,84328.24,594,114.75
1766169145239,1960.80,84328.24,594,114.75
1766169145311,2151.50,84518.94,594,114.75
1766169145410,1960.89,84519.02,595,114.75
1766169145449,2069.37,84627.51,595,114.75
1766169145490,2145.83,84703.96,595,114.75
1766169145579,1960.83,84709.74,596,114.75
1766169145579,1960.83,84709.74,596,114.75
1766169145648,2151.52,84900.43,596,114.75
1766169145745,1960.87,84900.51,597,114.75
1766169145745,1960.88,84900.51,597,114.75
1766169145779,2069.51,85009.14,597,114.75
1766169145905,1960.81,85091.21,598,114.75
1766169145905,1960.81,85091.21,598,114.75
1766169145948,2089.40,85219.80,598,114.75
1766169146062,1960.88,85281.97,599,114.75
1766169146133,2151.21,85472.31,599,114.75
1766169146221,1960.71,85472.58,600,114.75
1766169146292,2150.96,85662.83,600,114.75
1766169146382,1960.84,85663.31,601,114.75
1766169146382,1960.84,85663.31,601,114.75
1766169146449,2151.38,85853.84,601,114.75
1766169146532,1960.82,85854.02,602,114.75
1766169146533,1960.82,85854.02,602,114.75
1766169146590,2125.96,86019.16,602,114.75
1766169146689,1960.87,86044.78,603,114.75
1766169146691,1960.88,86044.79,603,114.75
1766169146738,2100.84,86184.75,603,114.75
1766169146844,1960.75,86235.43,604,114.75
1766169146845,1960.77,86235.45,604,114.75
1766169146889,2096.47,86371.14,604,114.75
1766169146995,1960.81,86426.13,605,114.75
1766169146997,1960.81,86426.13,605,114.75
1766169147065,2150.88,86616.19,605,114.75
1766169147148,1960.78,86616.79,606,114.75
1766169147149,1960.78,86616.79,606,114.75
1766169147216,2150.62,86806.63,606,114.75
1766169147305,1960.81,86807.50,607,114.75
1766169147348,2089.40,86936.08,607,114.75
1766169147459,1960.73,86998.12,608,114.75
1766169147494,2063.50,87100.89,608,114.75
1766169147529,2151.33,87188.72,608,114.75
1766169147617,1960.80,87188.81,609,114.75
1766169147651,2069.40,87297.42,609,114.75
1766169147684,2151.20,87379.21,609,114.75
1766169147770,1960.73,87379.44,610,114.75
1766169147814,2050.75,87469.45,610,114.75
1766169147838,2148.27,87566.98,610,114.75
1766169147924,1960.82,87570.16,611,114.75
1766169147994,2151.33,87760.66,611,114.75
1766169148078,1960.71,87760.76,612,114.75
1766169148089,2002.45,87802.51,612,114.75
1766169148143,2150.91,87950.96,612,114.75
1766169148228,1960.83,87951.49,613,114.75
1766169148264,2069.32,88059.98,613,114.75
1766169148286,2127.11,88117.77,613,114.75
1766169148382,1960.70,88142.09,614,115.76
1766169148382,1960.71,88142.09,614,115.76
1766169148438,2122.54,88303.93,614,115.76
1766169148538,1960.85,88332.83,615,115.76
1766169148549,1960.85,88332.83,615,115.76
1766169148613,2151.32,88523.31,615,115.76
1766169148695,1960.70,88523.43,616,115.76
1766169148695,1960.71,88523.43,616,115.76
1766169148741,2096.83,88659.55,616,115.76
1766169148850,1960.78,88714.10,617,115.76
1766169148850,1960.83,88714.15,617,115.76
1766169148919,2151.31,88904.63,617,115.76
1766169149000,1960.71,88904.71,618,115.76
1766169149000,1960.71,88904.71,618,115.76
1766169149068,2151.35,89095.35,618,115.76
1766169149150,1960.86,89095.46,619,115.76
1766169149216,2151.31,89285.91,619,115.76
1766169149300,1960.71,89286.06,620,115.76
1766169149302,1960.74,89286.09,620,115.76
1766169149337,2069.48,89394.83,620,115.76
1766169149433,1960.89,89476.84,621,115.76
1766169149500,2097.09,89613.04,621,115.76
1766169149603,1960.66,89667.31,622,115.76
1766169149657,2082.71,89789.36,622,115.76
1766169149684,2150.86,89857.51,622,115.76
1766169149770,1960.81,89858.01,623,115.76
1766169149791,2022.97,89920.17,623,115.76
1766169149838,2150.42,90047.63,623,115.76
1766169149921,1960.69,90048.60,624,115.76
1766169149951,2009.73,90097.63,624,115.76
1766169149988,2148.04,90235.94,624,115.76
1766169150075,1960.71,90239.19,625,115.76
1766169150121,2012.85,90291.33,625,115.76
1766169150134,2128.47,90406.95,625,115.76
1766169150225,1960.65,90429.75,626,115.76
1766169150294,2150.94,90620.03,626,115.76
1766169150379,1960.69,90620.33,627,115.76
1766169150379,1960.72,90620.35,627,115.76
1766169150437,2131.11,90790.74,627,115.76
1766169150526,1960.69,90810.92,628,115.76
1766169150594,2151.25,91001.48,628,115.76
1766169150678,1960.78,91001.58,629,115.76
1766169150744,2150.27,91191.08,629,115.76
1766169150836,1960.66,91192.13,630,115.76
1766169150836,1960.67,91192.14,630,115.76
1766169150900,2151.18,91382.65,630,115.76
1766169150982,1960.75,91382.77,631,115.76
1766169150982,1960.75,91382.78,631,115.76
1766169151048,2151.25,91573.27,631,115.76
1766169151129,1960.72,91573.38,632,115.76
1766169151131,1960.72,91573.39,632,115.76
1766169151180,2109.12,91721.79,632,115.76
1766169151279,1960.75,91764.02,633,115.76
1766169151279,1960.78,91764.05,633,115.76
1766169151346,2151.27,91954.54,633,115.76
1766169151428,1960.71,91954.62,634,116.27
1766169151471,2054.71,92048.61,634,116.27
1766169151494,2129.02,92122.93,634,116.27
1766169151576,1960.74,92145.24,635,117.27
1766169151644,2150.87,92335.38,635,117.27
1766169151725,1960.57,92335.70,636,117.27
1766169151792,2151.07,92526.20,636,117.27
1766169151878,1960.73,92526.32,637,117.27
1766169151879,1961.66,92527.25,637,117.27
1766169151945,2151.19,92716.78,637,117.27
1766169152024,1960.65,92716.85,638,117.27
1766169152091,2151.12,92907.33,638,117.27
1766169152173,1960.82,92907.56,639,117.27
1766169152226,2066.04,93012.78,639,117.27
1766169152239,2147.93,93094.67,639,117.27
1766169152319,1960.64,93098.09,640,117.27
1766169152386,2150.88,93288.32,640,117.27
1766169152469,1960.67,93288.65,641,117.83
1766169152505,2008.35,93336.33,641,117.83
1766169152535,2151.13,93479.11,641,117.83
1766169152613,1960.64,93479.17,642,117.83
1766169152639,2043.36,93561.89,642,117.83
1766169152679,2151.18,93669.71,642,117.83
1766169152761,1960.71,93669.77,643,117.83
1766169152822,2115.18,93824.23,643,117.83
1766169152909,1960.67,93860.32,644,117.83
1766169152976,2151.11,94050.76,644,117.83
1766169153056,1960.73,94050.93,645,117.83
1766169153124,2150.56,94240.76,645,117.83
1766169153206,1960.60,94241.42,646,117.83
1766169153274,2150.99,94431.81,646,117.83
1766169153360,1960.66,94431.98,647,117.83
1766169153428,2150.99,94622.31,647,117.83
1766169153429,2151.06,94622.37,647,117.83
1766169153508,1960.61,94622.48,648,117.83
1766169153574,2151.16,94813.02,648,117.83
1766169153655,1960.71,94813.08,649,117.83
1766169153688,2058.15,94910.52,649,117.83
1766169153806,1960.60,95003.57,650,117.83
1766169153852,2100.19,95143.16,650,117.83
1766169153954,1960.64,95194.11,651,117.83
1766169154022,2151.00,95384.47,651,117.83
1766169154102,1960.57,95384.57,652,117.83
1766169154168,2150.97,95574.98,652,117.83
1766169154251,1960.64,95575.11,653,119.34
1766169154285,2068.10,95682.57,653,119.34
1766169154397,1960.60,95765.61,654,119.34
1766169154398,1960.61,95765.61,654,119.34
1766169154431,2060.96,95865.97,654,119.34
1766169154547,1960.61,95956.11,655,119.34
1766169154547,1960.61,95956.11,655,119.34
1766169154602,2094.15,96089.66,655,119.34
1766169154692,1960.53,96146.53,656,119.34
1766169154694,1960.53,96146.54,656,119.34
1766169154763,2150.95,96336.96,656,119.34
1766169154845,1960.64,96337.07,657,119.34
1766169154845,1960.65,96337.07,657,119.34
1766169154891,2102.74,96479.17,657,119.34
1766169154989,1960.62,96527.59,658,119.34
1766169154990,1960.63,96527.60,658,119.34
1766169155055,2151.02,96717.99,658,119.34
1766169155137,1960.64,96718.13,659,119.34
1766169155137,1960.64,96718.13,659,119.34
1766169155206,2150.95,96908.44,659,119.34
1766169155288,1960.59,96908.61,660,119.34
1766169155288,1960.61,96908.63,660,119.34
1766169155354,2151.07,97099.09,660,119.34
1766169155448,1960.67,97099.18,661,119.34
1766169155448,1960.70,97099.21,661,119.34
1766169155519,2151.07,97289.58,661,119.34
1766169155621,1960.60,97289.67,662,119.34
1766169155665,2010.34,97339.41,662,119.34
1766169155690,2132.65,97461.72,662,119.34
1766169155798,1960.62,97480.19,663,119.34
1766169155799,1960.65,97480.21,663,119.34
1766169155870,2150.86,97670.43,663,119.34
1766169155969,1960.50,97670.58,664,119.34
1766169156012,2081.66,97791.74,664,119.34
1766169156042,2150.41,97860.50,664,119.34
1766169156134,1960.59,97861.06,665,119.34
1766169156135,1960.61,97861.09,665,119.34
1766169156200,2150.78,98051.25,665,119.34
1766169156286,1960.50,98051.46,666,119.34
1766169156286,1960.53,98051.49,666,119.34
1766169156333,2111.83,98202.79,666,119.34
1766169156437,1960.62,98241.97,667,119.34
1766169156437,1960.62,98241.98,667,119.34
1766169156502,2150.85,98432.20,667,119.34
1766169156589,1960.52,98432.39,668,119.34
1766169156590,1960.52,98432.39,668,119.34
1766169156643,2124.23,98596.10,668,119.34
1766169156742,1960.66,98622.95,669,119.34
1766169156742,1960.69,98622.97,669,119.34
1766169156808,2150.89,98813.17,669,119.34
1766169156895,1960.48,98813.32,670,119.85
1766169156895,1960.51,98813.35,670,119.85
1766169156960,2150.82,99003.66,670,119.85
1766169157048,1960.61,99003.83,671,119.85
1766169157050,1960.61,99003.83,671,119.85
1766169157115,2150.86,99194.08,671,119.85
1766169157203,1960.51,99194.22,672,120.35
1766169157204,1960.54,99194.26,672,120.35
1766169157239,2062.19,99295.91,672,120.35
1766169157365,1960.56,99384.68,673,120.35
1766169157414,2063.90,99488.01,673,120.35
1766169157432,2150.77,99574.89,673,120.35
1766169157520,1960.39,99575.01,674,120.35
1766169157555,2016.93,99631.56,674,120.35
1766169157584,2132.46,99747.08,674,120.35
1766169157687,1960.51,99765.47,675,120.35
1766169157688,1960.51,99765.47,675,120.35
1766169157735,2099.54,99904.50,675,120.35
1766169157849,1960.43,99955.85,676,120.35
1766169157849,1960.46,99955.88,676,120.35
1766169157885,2074.58,100069.99,676,120.35
1766169158001,1960.44,100146.23,677,120.35
1766169158001,1960.47,100146.26,677,120.35
1766169158053,2077.00,100262.79,677,120.35
1766169158159,1960.41,100336.59,678,120.35
1766169158189,2058.84,100435.02,678,120.35
1766169158307,1960.47,100527.00,679,120.35
1766169158374,2150.57,100717.10,679,120.35
1766169158459,1960.40,100717.34,680,120.35
1766169158494,2067.28,100824.22,680,120.35
1766169158530,2150.78,100907.73,680,120.35
1766169158617,1960.49,100907.77,681,120.90
1766169158635,2018.21,100965.50,681,120.90
1766169158682,2147.38,101094.66,681,120.90
1766169158773,1960.43,101098.15,682,121.42
1766169158789,2014.99,101152.71,682,121.42
1766169158837,2137.71,101275.43,682,121.42
1766169158925,1960.51,101288.61,683,121.42
1766169158940,2017.81,101345.90,683,121.42
1766169158989,2148.34,101476.43,683,121.42
1766169159072,1960.39,101478.94,684,121.42
1766169159090,2017.77,101536.32,684,121.42
1766169159130,2136.86,101655.42,684,121.42
1766169159222,1960.46,101669.35,685,121.42
1766169159239,2019.40,101728.29,685,121.42
1766169159288,2131.61,101840.49,685,121.42
1766169159373,1960.36,101859.65,686,121.93
1766169159390,2012.33,101911.62,686,121.93
1766169159432,2135.41,102034.70,686,121.93
1766169159527,1960.43,102050.03,687,121.93
1766169159546,2026.51,102116.11,687,121.93
1766169159585,2135.76,102225.36,687,121.93
1766169159674,1960.40,102240.43,688,121.93
1766169159695,2031.36,102311.39,688,121.93
1766169159733,2138.17,102418.21,688,121.93
1766169159819,1960.44,102430.88,689,121.93
1766169159838,2019.00,102489.44,689,121.93
1766169159885,2150.01,102620.45,689,121.93
1766169159961,1960.31,102621.20,690,121.93
1766169160025,2150.65,102811.54,690,121.93
1766169160109,1960.40,102811.62,691,123.44
1766169160131,2035.72,102886.93,691,123.44
1766169160252,1960.42,103002.05,692,123.44
1766169160304,2068.90,103110.53,692,123.44
1766169160400,1960.30,103192.36,693,123.97
1766169160462,2062.92,103294.98,693,123.97
1766169160552,1960.22,103382.65,694,123.97
1766169160552,1960.25,103382.68,694,123.97
1766169160616,2150.37,103572.81,694,123.97
1766169160705,1960.21,103572.98,695,123.97
1766169160770,2150.41,103763.18,695,123.97
1766169160848,1960.17,103763.27,696,125.49
1766169160849,1960.17,103763.28,696,125.49
1766169160918,2150.37,103953.48,696,125.49
1766169160996,1960.24,103953.63,697,126.00
1766169161061,2150.36,104143.76,697,126.00
1766169161144,1960.15,104143.90,698,126.00
1766169161145,1960.18,104143.93,698,126.00
1766169161211,2150.38,104334.14,698,126.00
1766169161292,1960.32,104334.35,699,126.00
1766169161293,1960.35,104334.38,699,126.00
1766169161344,2117.28,104491.30,699,126.00
1766169161438,1960.18,104524.65,700,126.51
1766169161438,1960.21,104524.68,700,126.51
1766169161483,2108.33,104672.80,700,126.51
1766169161584,1960.13,104714.96,701,126.51
1766169161584,1960.16,104714.99,701,126.51
1766169161649,2150.37,104905.19,701,126.51
1766169161731,1960.16,104905.29,702,126.51
1766169161732,1960.18,104905.32,702,126.51
1766169161795,2150.45,105095.59,702,126.51
1766169161889,1960.18,105095.65,703,126.51
1766169161889,1960.18,105095.65,703,126.51
1766169161958,2150.27,105285.73,703,126.51
1766169162037,1960.07,105285.90,704,126.51
1766169162038,1960.12,105285.94,704,126.51
1766169162087,2110.98,105436.81,704,126.51
1766169162190,1960.13,105476.21,705,126.51
1766169162190,1960.14,105476.21,705,126.51
1766169162252,2139.28,105655.35,705,126.51
1766169162338,1960.05,105666.43,706,126.51
1766169162338,1960.07,105666.45,706,126.51
1766169162389,2111.03,105817.41,706,126.51
1766169162492,1960.00,105856.71,707,127.06
1766169162492,1960.02,105856.73,707,127.06
1766169162540,2111.26,106007.97,707,127.06
1766169162641,1959.89,106046.89,708,127.06
1766169162641,1959.92,106046.91,708,127.06
1766169162707,2150.05,106237.04,708,127.06
1766169162792,1959.91,106237.14,709,127.06
1766169162792,1959.91,106237.14,709,127.06
1766169162843,2113.07,106390.29,709,127.06
1766169162944,1959.85,106427.33,710,127.06
1766169162944,1959.85,106427.33,710,127.06
1766169162980,2076.30,106543.78,710,127.06
1766169163090,1959.89,106617.61,711,127.06
1766169163091,1959.89,106617.62,711,127.06
1766169163155,2149.67,106807.40,711,127.06
1766169163238,1959.68,106807.74,712,127.06
1766169163238,1959.68,106807.74,712,127.06
1766169163286,2111.15,106959.21,712,127.06
1766169163387,1959.85,106998.04,713,127.06
1766169163388,1959.85,106998.04,713,127.06
1766169163436,2113.55,107151.73,713,127.06
1766169163536,1959.64,107188.19,714,127.06
1766169163536,1959.65,107188.19,714,127.06
1766169163601,2149.83,107378.38,714,127.06
1766169163684,1959.64,107378.44,715,127.06
1766169163684,1959.64,107378.44,715,127.06
1766169163753,2149.71,107568.51,715,127.06
1766169163838,1959.56,107568.61,716,127.06
1766169163838,1959.61,107568.66,716,127.06
1766169163904,2149.78,107758.83,716,127.06
1766169163989,1959.65,107758.88,717,127.06
1766169163989,1959.65,107758.88,717,127.06
1766169164054,2149.44,107948.67,717,127.06
1766169164141,1959.48,107948.97,718,127.06
1766169164141,1959.48,107948.97,718,127.06
1766169164195,2127.26,108116.75,718,127.06
1766169164287,1959.55,108139.19,719,127.06
1766169164287,1959.55,108139.19,719,127.06
1766169164337,2112.26,108291.90,719,127.06
1766169164433,1959.49,108329.35,720,127.06
1766169164433,1959.49,108329.35,720,127.06
1766169164496,2107.39,108477.25,720,127.06
1766169164559,1959.55,108519.62,721,127.06
1766169164582,1971.25,108531.31,721,127.06
1766169164645,2149.46,108709.53,721,127.06
1766169164722,1959.26,108709.61,722,127.06
1766169164790,2149.19,108899.54,722,127.06
1766169164871,1959.41,108899.80,723,127.06
1766169164936,2149.31,109089.70,723,127.06
1766169165016,1959.23,109089.86,724,127.06
1766169165033,2016.57,109147.20,724,127.06
1766169165081,2149.34,109279.97,724,127.06
1766169165165,1959.10,109280.02,725,127.06
1766169165212,2026.02,109346.93,725,127.06
1766169165229,2149.02,109469.93,725,127.06
1766169165308,1958.87,109470.05,726,127.06
1766169165359,2120.59,109631.77,726,127.06
1766169165452,1958.89,109660.15,727,127.06
1766169165517,2148.78,109850.05,727,127.06
1766169165595,1958.76,109850.14,728,127.06
1766169165595,1958.77,109850.14,728,127.06
1766169165663,2148.67,110040.04,728,127.06
1766169165742,1958.88,110040.23,729,127.59
1766169165742,1958.88,110040.23,729,127.59
1766169165792,2112.21,110193.56,729,127.59
1766169165868,1958.69,110230.19,730,127.59
1766169165904,2027.81,110299.31,730,127.59
1766169165947,2119.75,110391.25,730,127.59
1766169166026,1958.72,110420.24,731,127.59
1766169166050,2033.77,110495.29,731,127.59
1766169166080,2123.76,110585.29,731,127.59
1766169166171,1958.56,110610.18,732,127.59
1766169166203,2059.90,110711.52,732,127.59
1766169166235,2145.93,110797.56,732,127.59
1766169166323,1958.59,110800.21,733,127.59
1766169166331,1976.58,110818.20,733,127.59
1766169166387,2140.55,110982.16,733,127.59
1766169166477,1958.25,110990.11,734,127.59
1766169166480,1965.54,110997.40,734,127.59
1766169166530,2108.54,111140.40,734,127.59
1766169166613,1958.35,111180.10,735,127.59
1766169166634,2018.25,111240.01,735,127.59
1766169166694,2111.51,111333.27,735,127.59
1766169166755,1934.31,111346.12,736,128.08
1766169166806,2029.86,111441.67,736,128.08
1766169166834,2105.28,111517.09,736,128.08
1766169166906,1955.84,111533.78,737,129.65
1766169166933,2024.52,111602.47,737,129.65
1766169167004,2125.74,111703.70,738,129.65
1766169167033,1938.13,111703.79,738,129.65
1766169167350,1767.91,111736.23,740,130.18
